frame_sequence,window_end_sample_sequence,rms_q24_8,peak_q24_8,variance_q32_0,kurtosis_q16_16,dominant_frequency_q16_16,dominant_power_q32_0,band0_q32_0,band1_q32_0,band2_q32_0,band3_q32_0
0,127,293376,989696,1315037,440545,665600,60050,3749,26960,68305,17
1,191,182272,258304,507723,97606,665600,59753,10,27134,68164,7
2,255,181760,260352,504273,98523,665600,59449,19,27178,67865,6
3,319,180224,261632,496653,99213,665600,59834,25,27283,68356,10
4,383,180224,261888,495767,99283,665600,59537,24,27108,67873,12
5,447,181504,260352,503737,98561,665600,59653,17,27176,68036,10
6,511,182528,258304,508861,97636,665600,59753,7,27182,68162,10
7,575,181504,260608,503246,98414,665600,59914,17,27146,68221,9
8,639,180224,261632,495925,99181,665600,59545,34,26993,67915,7
